{"main":"indian-flights-api.raml","name":"Indian Flights API","organizationId":"7cbe7213-2ca4-4a9d-a65e-e97cd5226930","groupId":"7cbe7213-2ca4-4a9d-a65e-e97cd5226930","assetId":"indian-flights-api","version":"1.0.2","metadata":{"branchId":"master","commitId":"e701e0446060b707e4afb418626dcf0ea993eea7","projectId":"8d6035d9-9a7c-4e9a-83f2-96d3e0a6d601"},"apiVersion":"v1","classifier":"raml","dependencies":[{"assetId":"training-american-flight-data-type","groupId":"68ef9520-24e9-4cf2-b2f5-620025690913","version":"1.0.1"},{"assetId":"training-american-flights-example","groupId":"68ef9520-24e9-4cf2-b2f5-620025690913","version":"1.0.1"}],"tags":[],"originalFormatVersion":"1.0"}